BTA,LEDS,LB_BHB,NEFA,LIGF-1,GLU,LM_BHB,CIT,LACE,C10:0,C14:0,C16:0,C18:0,C18:1cis-9,SCFA,MCFA,LCFA,FP,PP,MY
BTA1,0,0,0,0,0,0,0,0,0.0495,0.0601,1,0,0,0,0.0755,0,0,0,0
BTA2,0,0,0,0,0,0,0,1,0.0715,5.00E-04,0,0,0,0.1045,0,0,0,1,2.00E-04
BTA3,0,0,0,1,0.0435,0,1,0,4.00E-04,0.0981,0.1192,1,0,0,0.1164,0.0081,0,0,0
BTA4,0,0,0,0,0,0,0,0,0,0,0,0,0,0.0015,0.1177,0,0,1,0.0824
BTA5,0,0,0,0,0.0476,0.0752,0,1,0,0,0.1257,0,0,0.1243,1,0,0,0,1
BTA6,0,0,0,0,0,0,0,0,0,0,0,0,0,0,0,0,0,0,0
BTA7,0,0,0,0,0,0,0,0,0,0,0,0,0.0028,0,0,1,1,0,7.00E-04
BTA8,0,0,0,0,0,0,0.1339,0,0,0,0.1681,0,0,0,0.1652,0.023,0.0023,0.0868,0
BTA9,0,0.0333,0,0,0,0,0.0011,0,0,0,0,0,0.0031,0,0,0,0.1092,0,0
BTA10,0,0,0,0.0349,0,0,0.1144,0,0.0011,0.1198,0,0,0,0.003,0.0028,0,0,0,0
BTA11,0,0,0,0,0,0,0,0,0,0,0,0,0,0,0,0,0,0.0592,5.00E-04
BTA12,0,1.00E-04,2.00E-04,0.0449,3.00E-04,0.1167,0.1399,0.0377,0,1,0,0.0635,0,0.1702,0,0,0,0,0.0017
BTA13,0,0,0,0,0.0015,0,1.00E-04,2.00E-04,0,0,0.2357,0.1079,0,0,3.00E-04,0,0.0079,0,0
BTA14,0,0,0,0,0,0,0,0,0,0,0,0,0.0189,0,0,0,0.007,0,0
BTA15,0,1,1,0,1,0.1192,0,0,0,0,0,0,0,0,0,0,1,7.00E-04,0
BTA16,0,0,0,0,0,0,0.1609,0,0,0,0,0,0,0,0,0,0,0.0012,0
BTA17,1,0,2.00E-04,0,0,0,0,0.0532,0,0,1,4.00E-04,0,0,0,0,0.161,0,0
BTA18,0,0,0,0,0.0013,0,0,0,0,0,0,0,0,0,0,0,0,0,0
BTA19,0,5.00E-04,0,4.00E-04,0.1287,0.0054,0,4.00E-04,0,0,0,0,0,0,0,0,0,0,0
BTA20,0,0,0,0,0,0,1,0,0,0,0,0,0.0126,0,0,0,0,0,0
BTA21,2.00E-04,0,0,0,0.1126,0,0,0,0.1724,0.0082,1,1,1,0,1,0.0453,1,0,1
BTA22,0,0,0,5.00E-04,0,0,0,0,0,0,0.2472,0.0013,0,0.2462,0.0187,0,0,0,0.195
BTA23,0,0,1,1,0.0055,0,0,0,3.00E-04,1,0,0,0,0,1,0,0,0,0
BTA24,1,0,0,0,0,1.00E-04,2.00E-04,0,0,2.00E-04,0,0,0,0,0,0,0,0.1552,0
BTA25,0,0,0,0,0,0,0,0,0,0,0,0.179,0,0,0,0.1029,0,0,0
BTA26,0.0021,0,0,1,0,1.00E-04,0,0,2.00E-04,0.2522,0.0011,0,0,0.0011,1,0,0,0,0.2325
BTA27,1,0,0,0.1399,0,0.2431,0,0.1271,0,0,0,0.1769,0,0,0,5.00E-04,0,0,0
BTA28,1,0,0.004,0,0.1903,0,0,0,6.00E-04,0,0,0,0,0,0,0,0,0.0104,0
BTA29,0,0.1372,0,0.0024,0,0,0,0,0,0,0,0,0,0,0,0,0,0,0
