BTA,LPNEB,LB_BHB,NEFA,LIGF-1,GLU,LM_BHB,CIT,LACE,C10:0,C14:0,C16:0,C18:0,C18:1cis-9,SCFA,MCFA,LCFA,FP,PP,MY
BTA1,0,0,0,0,0,0,0,0,0.01,0,0.0748,0,0,0.0572,2.00E-04,0.0017,0,0,0
BTA2,0,0,0,0,0,0,0,0,0,1,0,0,0,0,0,0,0,0,0.0884
BTA3,0,0,0,0,0,0.0231,8.00E-04,0,0,0.0566,0.0013,2.00E-04,1,0,9.00E-04,0,0,0,0
BTA4,0,9.00E-04,0,0,0,0.0234,8.00E-04,1,0,0.0547,0,0,0,7.00E-04,0.001,0,0,1,0
BTA5,0,0,0,0,0,0.0234,0,3.00E-04,0,0,0,0,1,7.00E-04,0.1092,0,0,0,0
BTA6,0,7.00E-04,1,0,0,0,0,1,0,0,0,0,0,0,0,0,0,0,0
BTA7,0,1,0,0,0,0,0,5.00E-04,0.0312,1,0.1351,0,0,0,0.1226,0,0,0,0.0017
BTA8,0,0.0033,0,1,0,0,0,0.0011,0,7.00E-04,0,0,1,0.1389,0.0034,1,0,1,1
BTA9,0,1,0,0,0,0,0.1192,0,0,0,1,0,0,0,0,0,0,0,0.1258
BTA10,0,0.0025,0,0,0,0,0,1,0,1,0,0,0,0.1163,0,0,0.0022,0,0
BTA11,0,0,1,0,0,0,0,4.00E-04,0,0,0,0,1.00E-04,0,0,1,0,0,0.1136
BTA12,0,0,1.00E-04,0,0,1.00E-04,0,1,0,0,0,0,0,0,0,0,0,0,0
BTA13,0,0,0,0,0,0,0,0,0,1,0.2326,0,0.0011,0,0.0118,0.0369,0.013,0,0
BTA14,0,0,0,2.00E-04,0,0.0771,0,0,0,0,0.0139,0,0,1,1.00E-04,0,0,0,0
BTA15,0,0,0,0,0,0,0,0.0016,1,1,0,9.00E-04,0,1,0,0,0,0,0
BTA16,0,0,0,0,0,0.0581,0,0,0,0,0,0,1,0,0,0,0,0.0668,0.0062
BTA17,1,0.0068,0,0.0533,0,0.0664,0,0,0,0,0,0,0,0,0,0,0,0.0708,0
BTA18,0,0,3.00E-04,2.00E-04,0,3.00E-04,0,0,5.00E-04,0.003,2.00E-04,0,1,1,0.0113,0,0.011,0,0
BTA19,0,0,4.00E-04,2.00E-04,0,0,0,0,0,0,0,0.0038,0,0,0,0,0,0.0891,2.00E-04
BTA20,0,0,3.00E-04,0,0,0,0,0,2.00E-04,0.1258,0.0111,1,0.001,0.1832,0.0084,0.0286,1.00E-04,1,1.00E-04
BTA21,2.00E-04,0,0,0,0,0,0,0,1,0.1337,0.2204,0.1413,0,0,0.204,0,0.2057,0.0834,0
BTA22,0,0,0,0.0789,0,0,0,0,0,0,0.245,0.1633,0,0.2133,0.0142,0,2.00E-04,0,0
BTA23,0,0,0,0,0,0,0,0,0,0,0,0.0088,0,0,0,0,0,0,0
BTA24,1,0.0152,1,0,0,6.00E-04,0.2301,0,0,0,0,0,0,0,0,0,0,0,0
BTA25,0,0,0,0.1361,0,0,0,0,0,0,0.3194,0,0,0,0,3.00E-04,1,0.1562,0
BTA26,0.0021,0,0,9.00E-04,0,1,5.00E-04,0,0.1231,0,0,0.199,0,0,0,0,0,0,0
BTA27,1,0,0,0,0.0859,0,0,0.0145,0,0,0,0,0,0,0,0,1,0,0
BTA28,1,0,0,0,0.0871,0,0,0,1,0,0,0,0,0,0,0,0,0,0
BTA29,0,0,0.0016,0,0,0,0,0.011,0,0,0,0,0,0,0,0,0,0,0.2778
